municipio,data,casosAcumulado,casosNovos,obitosAcumulado,obitosNovos,mediamovelcaso,mediamovelobito,crescimentoobito,crescimentocasos
Brasília,2020-03-27,0.0,0,0,0,,,,0.0
Brasília,2020-03-28,260.0,260,0,0,,,,2.4149733479708178
Brasília,2020-03-29,289.0,29,1,1,,,,2.4608978427565478
Brasília,2020-03-30,312.0,23,1,0,,,,2.494154594018443
Brasília,2020-03-31,332.0,20,3,2,,,,2.5211380837040362
Brasília,2020-04-01,355.0,23,3,0,,,,2.550228353055094
Brasília,2020-04-02,370.0,15,4,1,,,,2.568201724066995
Brasília,2020-04-03,402.0,32,5,1,,,,2.60422605308447
Brasília,2020-04-04,454.0,52,7,2,,,,2.6570558528571038
Brasília,2020-04-05,468.0,14,7,0,,,,2.670245853074124
Brasília,2020-04-06,473.0,5,10,3,,,,2.6748611407378116
Brasília,2020-04-07,492.0,19,12,2,,,,2.6919651027673606
Brasília,2020-04-08,509.0,17,12,0,,,,2.7067177823367587
Brasília,2020-04-09,527.0,18,13,1,37.642857142857146,0.9285714285714286,,2.7218106152125467
Brasília,2020-04-10,555.0,28,14,1,39.642857142857146,1.0,,2.7442929831226763
Brasília,2020-04-11,579.0,24,14,0,22.785714285714285,1.0,,2.762678563727436
Brasília,2020-04-12,614.0,35,14,0,23.214285714285715,0.9285714285714286,,2.788168371141168
Brasília,2020-04-13,638.0,24,15,1,23.285714285714285,1.0,,2.8048206787211623
Brasília,2020-04-14,651.0,13,17,2,22.785714285714285,1.0,,2.8135809885681917
Brasília,2020-04-15,682.0,31,17,0,23.357142857142858,1.0,,2.833784374656479
Brasília,2020-04-16,716.0,34,20,3,24.714285714285715,1.1428571428571428,,2.8549130223078554
Brasília,2020-04-17,746.0,30,20,0,24.571428571428573,1.0714285714285714,,2.8727388274726686
Brasília,2020-04-18,762.0,16,24,4,22.0,1.2142857142857142,,2.8819549713396007
Brasília,2020-04-19,827.0,65,24,0,25.642857142857142,1.2142857142857142,,2.9175055095525466
Brasília,2020-04-20,872.0,45,24,0,28.5,1.0,,2.940516484932567
Brasília,2020-04-21,881.0,9,24,0,27.785714285714285,0.8571428571428571,,2.944975908412048
Brasília,2020-04-22,946.0,65,25,1,31.214285714285715,0.9285714285714286,,2.975891136401793
Brasília,2020-04-23,963.0,17,25,0,31.142857142857142,0.8571428571428571,-0.07692307692307701,2.9836262871245345
Brasília,2020-04-24,989.0,26,26,1,31.0,0.8571428571428571,-0.1428571428571429,2.9951962915971793
Brasília,2020-04-25,1013.0,24,26,0,31.0,0.8571428571428571,-0.1428571428571429,3.0056094453602804
Brasília,2020-04-26,1066.0,53,27,1,32.285714285714285,0.9285714285714286,0.0,3.0277572046905536
Brasília,2020-04-27,1146.0,80,27,0,36.285714285714285,0.8571428571428571,-0.1428571428571429,3.059184617631371
Brasília,2020-04-28,1213.0,67,28,1,40.142857142857146,0.7857142857142857,-0.2142857142857143,3.083860800866573
Brasília,2020-04-29,1275.0,62,28,0,42.357142857142854,0.7857142857142857,-0.2142857142857143,3.1055101847699738
Brasília,2020-04-30,1356.0,81,30,2,45.714285714285715,0.7142857142857143,-0.37499999999999994,3.1322596895310446
Brasília,2020-05-01,1466.0,110,30,0,51.42857142857143,0.7142857142857143,-0.3333333333333333,3.166133970305109
Brasília,2020-05-02,1566.0,100,31,1,57.42857142857143,0.5,-0.5882352941176471,3.1947917577219247
Brasília,2020-05-03,1649.0,83,33,2,58.714285714285715,0.6428571428571429,-0.4705882352941176,3.217220655644519
Brasília,2020-05-04,1768.0,119,33,0,64.0,0.6428571428571429,-0.3571428571428571,3.2474822606770544
Brasília,2020-05-05,1818.0,50,33,0,66.92857142857143,0.6428571428571429,-0.2499999999999999,3.2595938788859486
Brasília,2020-05-06,1906.0,88,34,1,68.57142857142857,0.6428571428571429,-0.30769230769230765,3.2801228963023075
Brasília,2020-05-07,2258.0,352,35,1,92.5,0.7142857142857143,-0.1666666666666666,3.353723937588949
Brasília,2020-05-08,2442.0,184,37,2,103.78571428571429,0.7857142857142857,-0.0833333333333333,3.3877456596088638
Brasília,2020-05-09,2576.0,134,39,2,111.64285714285714,0.9285714285714286,0.08333333333333343,3.4109458586877746
Brasília,2020-05-10,2682.0,106,42,3,115.42857142857143,1.0714285714285714,0.15384615384615377,3.42845877351558
Brasília,2020-05-11,2783.0,101,44,2,116.92857142857143,1.2142857142857142,0.41666666666666663,3.444513206334043
Brasília,2020-05-12,2979.0,196,46,2,126.14285714285714,1.2857142857142858,0.6363636363636365,3.4740705032150436
Brasília,2020-05-13,3192.0,213,48,2,136.92857142857142,1.4285714285714286,0.8181818181818182,3.5040628826786917
Brasília,2020-05-14,3416.0,224,51,3,147.14285714285714,1.5,1.0999999999999999,3.5335178620169674
Brasília,2020-05-15,3787.0,371,55,4,165.78571428571428,1.7857142857142858,1.5000000000000002,3.578295305120826
Brasília,2020-05-16,4140.0,353,56,1,183.85714285714286,1.7857142857142858,2.5714285714285716,3.617000341120899
Brasília,2020-05-17,4368.0,228,59,3,194.21428571428572,1.8571428571428572,1.8888888888888888,3.6402826296966806
Brasília,2020-05-18,4619.0,251,66,7,203.64285714285714,2.357142857142857,2.6666666666666665,3.6645479622465467
Brasília,2020-05-19,4853.0,234,72,6,216.78571428571428,2.7857142857142856,3.333333333333333,3.6860102913152857
Brasília,2020-05-20,5161.0,308,77,5,232.5,3.0714285714285716,3.7777777777777777,3.7127338590699517
Brasília,2020-05-21,5542.0,381,84,7,234.57142857142858,3.5,3.9,3.743666521446213
Brasília,2020-05-22,5948.0,406,90,6,250.42857142857142,3.7857142857142856,3.8181818181818183,3.7743709598499167
Brasília,2020-05-23,6251.0,303,95,5,262.5,4.0,3.3076923076923075,3.7959494989028033
Brasília,2020-05-24,6638.0,387,104,9,282.57142857142856,4.428571428571429,3.1333333333333337,3.822037248072585
Brasília,2020-05-25,6930.0,292,114,10,296.2142857142857,5.0,3.1176470588235294,3.8407332346118066
Brasília,2020-05-26,7210.0,280,124,10,302.2142857142857,5.571428571428571,3.333333333333333,3.857935264719429
Brasília,2020-05-27,7761.0,551,133,9,326.35714285714283,6.071428571428571,3.2499999999999996,3.889917683436206
Brasília,2020-05-28,8300.0,539,142,9,348.85714285714283,6.5,3.3333333333333335,3.9190780923760737
Brasília,2020-05-29,8722.0,422,154,12,352.5,7.071428571428571,2.96,3.9406160823374075
Brasília,2020-05-30,9474.0,752,162,8,381.0,7.571428571428571,3.2399999999999998,3.976533380391938
Brasília,2020-05-31,9780.0,306,170,8,386.57142857142856,7.928571428571429,3.269230769230769,3.9903388547876015
Brasília,2020-06-01,10510.0,730,171,1,420.7857142857143,7.5,2.1818181818181817,4.021602716028243
Brasília,2020-06-02,11256.0,746,177,6,457.35714285714283,7.5,1.6923076923076925,4.051384084426689
Brasília,2020-06-03,12020.0,764,191,14,489.92857142857144,8.142857142857142,1.6511627906976742,4.07990446766672
Brasília,2020-06-04,12923.0,903,196,5,527.2142857142857,8.0,1.2857142857142858,4.111363344325131
Brasília,2020-06-05,14208.0,1285,202,6,590.0,8.0,1.1132075471698113,4.1525329484345255
Brasília,2020-06-06,15850.0,1642,208,6,685.6428571428571,8.071428571428571,1.0178571428571428,4.20002926655377
Brasília,2020-06-07,16623.0,773,214,6,713.2142857142857,7.857142857142857,0.7741935483870966,4.220709404879567
Brasília,2020-06-08,16629.0,6,214,0,692.7857142857143,7.142857142857143,0.42857142857142866,4.220866133312124
Brasília,2020-06-09,18090.0,1461,236,22,777.1428571428571,8.0,0.43589743589743596,4.257438566859814
Brasília,2020-06-10,19433.0,1343,256,20,833.7142857142857,8.785714285714286,0.44705882352941195,4.288539850670456
Brasília,2020-06-11,20507.0,1074,274,18,871.9285714285714,9.428571428571429,0.4505494505494506,4.311902131419489
Brasília,2020-06-12,21396.0,889,282,8,905.2857142857143,9.142857142857142,0.29292929292929293,4.330332589222979
Brasília,2020-06-13,21959.0,563,293,11,891.7857142857143,9.357142857142858,0.2358490566037737,4.341612558712002
Brasília,2020-06-14,22871.0,912,304,11,935.0714285714286,9.571428571428571,0.20720720720720714,4.35928515389347
Brasília,2020-06-15,23684.0,813,319,15,941.0,10.571428571428571,0.4095238095238095,4.374455052409963
Brasília,2020-06-16,25380.0,1696,348,29,1008.8571428571429,12.214285714285714,0.6285714285714284,4.404491617758686
Brasília,2020-06-17,27140.0,1760,365,17,1080.0,12.428571428571429,0.5263157894736843,4.433609843323718
Brasília,2020-06-18,28521.0,1381,379,14,1114.142857142857,13.071428571428571,0.6339285714285714,4.455164748629626
Brasília,2020-06-19,30902.0,2381,396,17,1192.4285714285713,13.857142857142858,0.7321428571428572,4.48998658819038
Brasília,2020-06-20,32238.0,1336,404,8,1170.5714285714287,14.0,0.7345132743362832,4.508368090952337
Brasília,2020-06-21,33227.0,989,423,19,1186.0,14.928571428571429,0.9000000000000001,4.521491131460435
Brasília,2020-06-22,34148.0,921,449,26,1251.357142857143,16.785714285714285,1.3499999999999999,4.533365272749635
Brasília,2020-06-23,35368.0,1220,475,26,1234.142857142857,17.071428571428573,1.1339285714285716,4.548610501897818
Brasília,2020-06-24,37254.0,1886,495,20,1272.9285714285713,17.071428571428573,0.943089430894309,4.571172910229627
Brasília,2020-06-25,38871.0,1617,509,14,1311.7142857142858,16.785714285714285,0.7803030303030302,4.589625713486823
Brasília,2020-06-26,41326.0,2455,532,23,1423.5714285714287,17.857142857142858,0.9531250000000001,4.616223371359695
Brasília,2020-06-27,42766.0,1440,537,5,1486.2142857142858,17.428571428571427,0.862595419847328,4.631098631618369
Brasília,2020-06-28,44905.0,2139,548,11,1573.857142857143,17.428571428571427,0.8208955223880596,4.6522947007252045
Brasília,2020-06-29,47071.0,2166,559,11,1670.5,17.142857142857142,0.6216216216216216,4.672753424775022
Brasília,2020-06-30,49218.0,2147,587,28,1702.7142857142858,17.071428571428573,0.3976608187134505,4.692123961934615
Brasília,2020-07-01,50676.0,1458,620,33,1681.142857142857,18.214285714285715,0.4655172413793104,4.704802327472533
Brasília,2020-07-02,52281.0,1605,631,11,1697.142857142857,18.0,0.3770491803278689,4.718343885915553
Brasília,2020-07-03,53996.0,1715,643,12,1649.5714285714287,17.642857142857142,0.2731958762886597,4.732361588669807
Brasília,2020-07-04,55760.0,1764,671,28,1680.142857142857,19.071428571428573,0.3622448979591838,4.746322765089953
Brasília,2020-07-05,57854.0,2094,699,28,1759.0714285714287,19.714285714285715,0.3205741626794259,4.762333391254447
Brasília,2020-07-06,60383.0,2529,726,27,1873.9285714285713,19.785714285714285,0.17872340425531916,4.78091468621407
Brasília,2020-07-07,62694.0,2311,767,41,1951.857142857143,20.857142857142858,0.22175732217573213,4.797225979561542
Brasília,2020-07-08,64314.0,1620,801,34,1932.857142857143,21.857142857142858,0.2803347280334727,4.808305521305746
Brasília,2020-07-09,65677.0,1363,823,22,1914.7142857142858,22.428571428571427,0.33617021276595743,4.817413306821465
Brasília,2020-07-10,67297.0,1620,856,33,1855.0714285714287,23.142857142857142,0.29599999999999993,4.827995704454503
Brasília,2020-07-11,68406.0,1109,871,15,1831.4285714285713,23.857142857142858,0.3688524590163936,4.835094196056521
Brasília,2020-07-12,70712.0,2306,902,31,1843.357142857143,25.285714285714285,0.4508196721311476,4.849493120890998
Brasília,2020-07-13,72284.0,1572,930,28,1800.9285714285713,26.5,0.5458333333333334,4.859042177229533
Brasília,2020-07-14,73654.0,1370,960,30,1745.4285714285713,26.642857142857142,0.5606694560669454,4.867196337475397
Brasília,2020-07-15,75379.0,1725,1001,41,1764.5,27.214285714285715,0.4941176470588235,4.877250371673381
Brasília,2020-07-16,77621.0,2242,1037,36,1810.0,29.0,0.6111111111111112,4.889979233504284
Brasília,2020-07-17,79400.0,1779,1060,23,1814.5714285714287,29.785714285714285,0.6882591093117408,4.899820502427096
Brasília,2020-07-18,81163.0,1763,1075,15,1814.5,28.857142857142858,0.5131086142322097,4.909358091335266
Brasília,2020-07-19,82412.0,1249,1085,10,1754.142857142857,27.571428571428573,0.39855072463768115,4.915990453861425
Brasília,2020-07-20,84287.0,1875,1112,27,1707.4285714285713,27.571428571428573,0.3935018050541518,4.925760596408439
Brasília,2020-07-21,86076.0,1789,1158,46,1670.142857142857,27.928571428571427,0.33904109589041087,4.934882076883062
Brasília,2020-07-22,87801.0,1725,1176,18,1677.642857142857,26.785714285714285,0.2254901960784313,4.943499462284334
Brasília,2020-07-23,90023.0,2222,1218,42,1739.0,28.214285714285715,0.25796178343949056,4.954353481627747
Brasília,2020-07-24,92414.0,2391,1244,26,1794.0714285714287,27.714285714285715,0.19753086419753094,4.965737768429824
Brasília,2020-07-25,94187.0,1773,1275,31,1841.5,28.857142857142858,0.20958083832335328,4.9739909641742495
Brasília,2020-07-26,96332.0,2145,1308,33,1830.0,29.0,0.14689265536723167,4.983770576998997
Brasília,2020-07-27,98480.0,2148,1339,31,1871.142857142857,29.214285714285715,0.10242587601078171,4.9933480399232595
Brasília,2020-07-28,100726.0,2246,1391,52,1933.7142857142858,30.785714285714285,0.1554959785522788,5.003141587724114
Brasília,2020-07-29,102342.0,1616,1419,28,1925.9285714285713,29.857142857142858,0.09711286089238842,5.010053899840287
Brasília,2020-07-30,104442.0,2100,1444,25,1915.7857142857142,29.071428571428573,0.0024630541871921707,5.01887517970249
Brasília,2020-07-31,106292.0,1850,1469,25,1920.857142857143,29.214285714285715,-0.01918465227817739,5.0265005788544395
Brasília,2020-08-01,107922.0,1630,1490,21,1911.357142857143,29.642857142857142,0.027227722772277193,5.033109985041492
Brasília,2020-08-02,110028.0,2106,1523,33,1972.5714285714287,31.285714285714285,0.13471502590673565,5.041503218777209
Brasília,2020-08-03,112044.0,2016,1546,23,1982.642857142857,31.0,0.12435233160621756,5.04938860485448
Brasília,2020-08-04,113924.0,1880,1572,26,1989.142857142857,29.571428571428573,0.058823529411764816,5.056615225129071
Brasília,2020-08-05,115966.0,2042,1572,0,2011.7857142857142,28.285714285714285,0.056,5.06433067735802
Brasília,2020-08-06,118000.0,2034,1651,79,1998.357142857143,30.928571428571427,0.09620253164556952,5.071882007306125
Brasília,2020-08-07,119903.0,1903,1682,31,1963.5,31.285714285714285,0.12886597938144323,5.0788300493803025
Brasília,2020-08-08,121824.0,1921,1712,30,1974.0714285714287,31.214285714285715,0.0816831683168317,5.085732855134273
Brasília,2020-08-09,123057.0,1233,1731,19,1908.9285714285713,30.214285714285715,0.04187192118226604,5.090106323239195
Brasília,2020-08-10,126069.0,3012,1762,31,1970.642857142857,30.214285714285715,0.034229828850855744,5.10060830795234
Brasília,2020-08-11,127484.0,1415,1815,53,1911.2857142857142,30.285714285714285,-0.016241299303944315,5.105455681650409
Brasília,2020-08-12,129184.0,1700,1870,55,1917.2857142857142,32.214285714285715,0.07894736842105264,5.1112087277302205
Brasília,2020-08-13,131170.0,1986,1905,35,1909.142857142857,32.92857142857143,0.1326781326781327,5.117834518543748
Brasília,2020-08-14,133166.0,1996,1935,30,1919.5714285714287,33.285714285714285,0.13936430317848403,5.124393354734758
Brasília,2020-08-15,135014.0,1848,1958,23,1935.142857142857,33.42857142857143,0.12771084337349406,5.1303788041061384
Brasília,2020-08-16,136467.0,1453,1976,18,1888.5,32.357142857142854,0.03424657534246569,5.135027644412763
Brasília,2020-08-17,138735.0,2268,2042,66,1906.5,35.42857142857143,0.14285714285714293,5.142186038501852
Brasília,2020-08-18,140170.0,1435,2097,55,1874.7142857142858,37.5,0.2681159420289854,5.146655073340974
Brasília,2020-08-19,141762.0,1592,2148,51,1842.5714285714287,41.142857142857146,0.4545454545454547,5.151559831679239
Brasília,2020-08-20,143759.0,1997,2200,52,1839.9285714285713,39.214285714285715,0.2678983833718246,5.1576350431215605
Brasília,2020-08-21,145452.0,1693,2242,42,1824.9285714285713,40.0,0.27853881278538817,5.1627196972777645
Brasília,2020-08-22,147127.0,1675,2257,15,1807.357142857143,38.92857142857143,0.24713958810068654,5.1676923795596315
Brasília,2020-08-23,148998.0,1871,2274,17,1852.9285714285713,38.785714285714285,0.28368794326241126,5.173180438917017
Brasília,2020-08-24,150519.0,1521,2316,42,1746.4285714285713,39.57142857142857,0.30969267139479895,5.177591324344049
Brasília,2020-08-25,153690.0,3171,2344,28,1871.857142857143,37.785714285714285,0.24764150943396226,5.1866456105960035
Brasília,2020-08-26,155253.0,1563,2399,55,1862.0714285714287,37.785714285714285,0.17294900221729484,5.191040000931436
Brasília,2020-08-27,156863.0,1610,2425,26,1835.2142857142858,37.142857142857146,0.12798264642082433,5.195520516621967
Brasília,2020-08-28,158180.0,1317,2440,15,1786.7142857142858,36.07142857142857,0.08369098712446349,5.199151571205089
Brasília,2020-08-29,159526.0,1346,2450,10,1750.857142857143,35.142857142857146,0.05128205128205131,5.2028314757086
Brasília,2020-08-30,160796.0,1270,2469,19,1737.7857142857142,35.214285714285715,0.08830022075055201,5.206275240932739
Brasília,2020-08-31,162042.0,1246,2521,52,1664.7857142857142,34.214285714285715,-0.03427419354838712,5.209627594815201
Brasília,2020-09-01,163498.0,1456,2573,52,1666.2857142857142,34.0,-0.09333333333333334,5.213512444493086
Brasília,2020-09-02,164649.0,1151,2609,36,1634.7857142857142,32.92857142857143,-0.1996527777777778,5.216559097357063
Brasília,2020-09-03,165903.0,1254,2641,32,1581.7142857142858,31.5,-0.19672131147540986,5.2198542393797895
Brasília,2020-09-04,167200.0,1297,2681,40,1553.4285714285713,31.357142857142858,-0.21607142857142855,5.223236273102998
Brasília,2020-09-05,168605.0,1405,2700,19,1534.142857142857,31.642857142857142,-0.18715596330275236,5.226870449530785
Brasília,2020-09-06,169617.0,1012,2710,10,1472.7857142857142,31.142857142857142,-0.19705340699815838,5.229469377615247
Brasília,2020-09-07,170806.0,1189,2720,10,1449.0714285714287,28.857142857142858,-0.2707581227436823,5.232503122331463
Brasília,2020-09-08,171739.0,933,2763,43,1289.2142857142858,29.928571428571427,-0.20793950850661627,5.234868929764832
Brasília,2020-09-09,172708.0,969,2813,50,1246.7857142857142,29.571428571428573,-0.21739130434782603,5.237312454969811
Brasília,2020-09-10,173631.0,923,2843,30,1197.7142857142858,29.857142857142858,-0.1961538461538462,5.239627266503013
Brasília,2020-09-11,174549.0,918,2867,24,1169.2142857142858,30.5,-0.1544554455445544,5.241917365062395
Brasília,2020-09-12,175646.0,1097,2883,16,1151.4285714285713,30.928571428571427,-0.119918699186992,5.2446382640186915
Brasília,2020-09-13,176837.0,1191,2899,16,1145.7857142857142,30.714285714285715,-0.127789046653144,5.247573138587957
Brasília,2020-09-14,177921.0,1084,2930,31,1134.2142857142858,29.214285714285715,-0.14613778705636743,5.250227210848801
Brasília,2020-09-15,178747.0,826,2970,40,1089.2142857142858,28.357142857142858,-0.16596638655462184,5.252238761553515
Brasília,2020-09-16,179823.0,1076,3000,30,1083.857142857143,27.928571428571427,-0.15184381778741876,5.254845238755702
Brasília,2020-09-17,180844.0,1021,3022,22,1067.2142857142858,27.214285714285715,-0.13605442176870744,5.25730410441576
Brasília,2020-09-18,181919.0,1075,3037,15,1051.357142857143,25.428571428571427,-0.1890660592255126,5.2598780600543265
Brasília,2020-09-19,183096.0,1177,3048,11,1035.0714285714287,24.857142857142858,-0.21444695259593677,5.2626788566069775
Brasília,2020-09-20,183749.0,653,3062,14,1009.4285714285714,25.142857142857142,-0.1926605504587156,5.264224984242417
Brasília,2020-09-21,184555.0,806,3097,35,982.0714285714286,26.928571428571427,-0.0668316831683169,5.26612581568174
Brasília,2020-09-22,185349.0,794,3131,34,972.1428571428571,26.285714285714285,-0.12171837708830548,5.267990247254422
Brasília,2020-09-23,186052.0,703,3148,17,953.1428571428571,23.928571428571427,-0.19082125603864744,5.269634342910605
Brasília,2020-09-24,186945.0,893,3164,16,951.0,22.928571428571427,-0.23205741626794266,5.271713854077303
Brasília,2020-09-25,187895.0,950,3175,11,953.2857142857143,22.0,-0.2786885245901639,5.273915223414515
Brasília,2020-09-26,188608.0,713,3183,8,925.8571428571429,21.428571428571427,-0.3071593533487298,5.275560109833812
Brasília,2020-09-27,189513.0,905,3188,5,905.4285714285714,20.642857142857142,-0.32790697674418606,5.2776390065712
Brasília,2020-09-28,190505.0,992,3203,15,898.8571428571429,19.5,-0.332518337408313,5.2799063786673495
Brasília,2020-09-29,191317.0,812,3224,21,897.8571428571429,18.142857142857142,-0.3602015113350126,5.281753562176611
Brasília,2020-09-30,192245.0,928,3255,31,887.2857142857143,18.214285714285715,-0.3478260869565217,5.283855053281544
Brasília,2020-10-01,193127.0,882,3276,21,877.3571428571429,18.142857142857142,-0.33333333333333337,5.285842994293654
Brasília,2020-10-02,194042.0,915,3291,15,865.9285714285714,18.142857142857142,-0.28651685393258425,5.287895742270701
Brasília,2020-10-03,194783.0,741,3309,18,834.7857142857143,18.642857142857142,-0.25000000000000006,5.289551050446268
Brasília,2020-10-04,195413.0,630,3325,16,833.1428571428571,18.785714285714285,-0.2528409090909091,5.290953452117985
Brasília,2020-10-05,195967.0,554,3346,21,815.1428571428571,17.785714285714285,-0.3395225464190981,5.292182944190482
Brasília,2020-10-06,196787.0,820,3364,18,817.0,16.642857142857142,-0.36684782608695654,5.293996404996004
Brasília,2020-10-07,197369.0,582,3378,14,808.3571428571429,16.428571428571427,-0.31343283582089554,5.2952789407035015
Brasília,2020-10-08,198192.0,823,3391,13,803.3571428571429,16.214285714285715,-0.292834890965732,5.297086120250289
Brasília,2020-10-09,198807.0,615,3398,7,779.4285714285714,15.928571428571429,-0.275974025974026,5.298431671851296
Brasília,2020-10-10,199569.0,762,3412,14,782.9285714285714,16.357142857142858,-0.23666666666666658,5.30009308116713
Brasília,2020-10-11,200035.0,466,3424,12,751.5714285714286,16.857142857142858,-0.18339100346020756,5.3011059905489555
Brasília,2020-10-12,200412.0,377,3439,15,707.6428571428571,16.857142857142858,-0.1355311355311355,5.301923722074226
Brasília,2020-10-13,201230.0,818,3466,27,708.0714285714286,17.285714285714285,-0.047244094488189003,5.303692727195117
Brasília,2020-10-14,202058.0,828,3488,22,700.9285714285714,16.642857142857142,-0.08627450980392165,5.305476049963398
Brasília,2020-10-15,202786.0,728,3499,11,689.9285714285714,15.928571428571429,-0.12204724409448815,5.307037968745014
Brasília,2020-10-16,203576.0,790,3526,27,681.0,16.785714285714285,-0.07480314960629925,5.308726576798611
Brasília,2020-10-17,204304.0,728,3539,13,680.0714285714286,16.428571428571427,-0.11877394636015332,5.310276869622764
Brasília,2020-10-18,204957.0,653,3545,6,681.7142857142857,15.714285714285714,-0.16349809885931557,5.31166275558474
Brasília,2020-10-19,205709.0,752,3561,16,695.8571428571429,15.357142857142858,-0.13654618473895574,5.313253292982191
Brasília,2020-10-20,206265.0,556,3575,14,677.0,15.071428571428571,-0.09442060085836909,5.314425541126701
Brasília,2020-10-21,207080.0,815,3587,12,693.6428571428571,14.928571428571429,-0.09130434782608686,5.316138156309818
Brasília,2020-10-22,207670.0,590,3600,13,677.0,14.928571428571429,-0.07929515418502207,5.317373762902532
Brasília,2020-10-23,208235.0,565,3613,13,673.4285714285714,15.357142857142858,-0.035874439461883394,5.318553727236796
Brasília,2020-10-24,208761.0,526,3623,10,656.5714285714286,15.071428571428571,-0.07860262008733629,5.31964936853139
Brasília,2020-10-25,209369.0,608,3633,10,666.7142857142857,14.928571428571429,-0.11440677966101696,5.320912378748784
Brasília,2020-10-26,210145.0,776,3641,8,695.2142857142857,14.428571428571429,-0.1440677966101695,5.322519061254412
Brasília,2020-10-27,210774.0,629,3653,12,681.7142857142857,13.357142857142858,-0.2272727272727272,5.323817037503786
Brasília,2020-10-28,211442.0,668,3661,8,670.2857142857143,12.357142857142858,-0.25751072961373384,5.325191258073218
Brasília,2020-10-29,212140.0,698,3670,9,668.1428571428571,12.214285714285714,-0.23318385650224221,5.326622564515655
Brasília,2020-10-30,212762.0,622,3676,6,656.1428571428571,10.714285714285714,-0.3617021276595745,5.327894064111794
Brasília,2020-10-31,213245.0,483,3683,7,638.6428571428571,10.285714285714286,-0.37391304347826076,5.328878856965625
Brasília,2020-11-01,213456.0,211,3688,5,607.0714285714286,10.214285714285714,-0.35000000000000003,5.329308366824522
Brasília,2020-11-02,213636.0,180,3695,7,566.2142857142857,9.571428571428571,-0.37674418604651166,5.329674437888232
Brasília,2020-11-03,214202.0,566,3707,12,566.9285714285714,9.428571428571429,-0.3744075829383886,5.330823521514085
Brasília,2020-11-04,214655.0,453,3719,12,541.0714285714286,9.428571428571429,-0.3684210526315789,5.331741009037769
Brasília,2020-11-05,214955.0,300,3728,9,520.3571428571429,9.142857142857142,-0.3875598086124402,5.332347551556558
Brasília,2020-11-06,215426.0,471,3733,5,513.6428571428571,8.571428571428571,-0.4418604651162791,5.333298117602171
Brasília,2020-11-07,215850.0,424,3740,7,506.35714285714283,8.357142857142858,-0.4454976303317535,5.334152052992287
Brasília,2020-11-08,216389.0,539,3752,12,501.42857142857144,8.5,-0.430622009569378,5.335235179906237
Brasília,2020-11-09,216861.0,472,3759,7,479.7142857142857,8.428571428571429,-0.4158415841584158,5.336181456081918
Brasília,2020-11-10,217370.0,509,3775,16,471.14285714285717,8.714285714285714,-0.3475935828877006,5.337199605373581
Brasília,2020-11-11,217793.0,423,3788,13,453.64285714285717,9.071428571428571,-0.26589595375722547,5.338043917154248
Brasília,2020-11-12,218479.0,686,3797,9,452.7857142857143,9.071428571428571,-0.2573099415204678,5.339409699327412
Brasília,2020-11-13,219012.0,533,3808,11,446.42857142857144,9.428571428571429,-0.11999999999999991,5.340467911146083
Brasília,2020-11-14,219712.0,700,3813,5,461.92857142857144,9.285714285714286,-0.09722222222222221,5.3418537774096375
Brasília,2020-11-15,219992.0,280,3817,4,466.85714285714283,9.214285714285714,-0.0979020979020979,5.342406888008448
Brasília,2020-11-16,220403.0,411,3825,8,483.35714285714283,9.285714285714286,-0.029850746268656612,5.3432175015889065
Brasília,2020-11-17,221031.0,628,3837,12,487.7857142857143,9.285714285714286,-0.015151515151515096,5.344453188548372
Brasília,2020-11-18,221526.0,495,3845,8,490.7857142857143,9.0,-0.045454545454545484,5.345424705700694
Brasília,2020-11-19,222282.0,756,3852,7,523.3571428571429,8.857142857142858,-0.03124999999999989,5.3469042957301145
Brasília,2020-11-20,222836.0,554,3857,5,529.2857142857143,8.857142857142858,0.03333333333333342,5.347985354088612
Brasília,2020-11-21,223378.0,542,3862,5,537.7142857142857,8.714285714285714,0.04273504273504258,5.3490403981928125
Brasília,2020-11-22,223658.0,280,3867,5,519.2142857142857,8.214285714285714,-0.03361344537815135,5.3495844370211625
Brasília,2020-11-23,224517.0,859,3882,15,546.8571428571429,8.785714285714286,0.042372881355932264,5.351249230536098
Brasília,2020-11-24,225013.0,496,3898,16,545.9285714285714,8.785714285714286,0.008196721311475585,5.35220760995656
Brasília,2020-11-25,225873.0,860,3906,8,577.1428571428571,8.428571428571429,-0.07086614173228341,5.353864320111061
Brasília,2020-11-26,226697.0,824,3910,4,587.0,8.071428571428571,-0.11023622047244094,5.35544577291846
Brasília,2020-11-27,227581.0,884,3915,5,612.0714285714286,7.642857142857143,-0.18939393939393936,5.357136001397919
Brasília,2020-11-28,228075.0,494,3920,5,597.3571428571429,7.642857142857143,-0.17692307692307696,5.358077683535832
Brasília,2020-11-29,228702.0,627,3925,5,622.1428571428571,7.714285714285714,-0.16279069767441853,5.359269962530517
Brasília,2020-11-30,229146.0,444,3930,5,624.5,7.5,-0.19230769230769237,5.360112280550521
Brasília,2020-12-01,230122.0,976,3939,9,649.3571428571429,7.285714285714286,-0.21538461538461545,5.361958139841509
Brasília,2020-12-02,230905.0,783,3955,16,669.9285714285714,7.857142857142857,-0.12698412698412703,5.363433337199978
Brasília,2020-12-03,231426.0,521,3962,7,653.1428571428571,7.857142857142857,-0.1129032258064517,5.364412149007322
Brasília,2020-12-04,232781.0,1355,3968,6,710.3571428571429,7.928571428571429,-0.10483870967741937,5.366947529534973
Brasília,2020-12-05,233376.0,595,3978,10,714.1428571428571,8.285714285714286,-0.04918032786885229,5.368056191882904
Brasília,2020-12-06,233731.0,355,3985,7,719.5,8.428571428571429,0.026086956521739257,5.368716317167943
Brasília,2020-12-07,234376.0,645,4001,16,704.2142857142857,8.5,-0.03252032520325212,5.369913138057631
Brasília,2020-12-08,235480.0,1104,4011,10,747.6428571428571,8.071428571428571,-0.08130081300813019,5.371954027140132
Brasília,2020-12-09,236322.0,842,4032,21,746.3571428571429,9.0,0.0677966101694915,5.373504153430334
Brasília,2020-12-10,237114.0,792,4043,11,744.0714285714286,9.5,0.1769911504424779,5.374957196927356
Brasília,2020-12-11,237945.0,831,4051,8,740.2857142857143,9.714285714285714,0.27102803738317743,5.376476583288068
Brasília,2020-12-12,238634.0,689,4059,8,754.2142857142857,9.928571428571429,0.29906542056074764,5.377732320979008
Brasília,2020-12-13,239096.0,462,4066,7,742.4285714285714,10.071428571428571,0.3055555555555555,5.378572310568059
Brasília,2020-12-14,240132.0,1036,4086,20,784.7142857142857,11.142857142857142,0.48571428571428565,5.380450038013688
Brasília,2020-12-15,240869.0,737,4095,9,767.6428571428571,11.142857142857142,0.5294117647058824,5.381780909607066
Brasília,2020-12-16,241400.0,531,4107,12,749.6428571428571,10.857142857142858,0.38181818181818195,5.382737265761331
Brasília,2020-12-17,242299.0,899,4123,16,776.6428571428571,11.5,0.4636363636363637,5.384351621750473
Brasília,2020-12-18,243212.0,913,4132,9,745.0714285714286,11.714285714285714,0.4774774774774773,5.38598499907608
Brasília,2020-12-19,243834.0,622,4138,6,747.0,11.428571428571429,0.37931034482758613,5.38709426314806
Brasília,2020-12-20,244243.0,409,4145,7,750.8571428571429,11.428571428571429,0.3559322033898305,5.387822125697108
Brasília,2020-12-21,245243.0,1000,4156,11,776.2142857142857,11.071428571428571,0.3025210084033613,5.389596620110052
Brasília,2020-12-22,245872.0,629,4169,13,742.2857142857143,11.285714285714286,0.39823008849557534,5.390709073928332
Brasília,2020-12-23,246397.0,525,4181,12,719.6428571428571,10.642857142857142,0.18253968253968247,5.391635415783876
Brasília,2020-12-24,246949.0,552,4188,7,702.5,10.357142857142858,0.09022556390977449,5.392607271860753
Brasília,2020-12-25,247278.0,329,4192,4,666.6428571428571,10.071428571428571,0.036764705882353,5.393185479468398
Brasília,2020-12-26,247928.0,650,4198,6,663.8571428571429,9.928571428571429,0.0,5.394325577025194
Brasília,2020-12-27,248543.0,615,4201,3,674.7857142857143,9.642857142857142,-0.04255319148936173,5.395401536116405
Brasília,2020-12-28,249736.0,1193,4223,22,686.0,9.785714285714286,-0.12179487179487168,5.397481151379834
Brasília,2020-12-29,250457.0,721,4241,18,684.8571428571429,10.428571428571429,-0.06410256410256404,5.398733174252284
Brasília,2020-12-30,251135.0,678,4248,7,695.3571428571429,10.071428571428571,-0.07236842105263165,5.399907243368457
Brasília,2020-12-31,251701.0,566,4259,11,671.5714285714286,9.714285714285714,-0.15527950310559013,5.400884940989838
Brasília,2021-01-01,252077.0,376,4263,4,633.2142857142857,9.357142857142858,-0.20121951219512185,5.401533221603588
Brasília,2021-01-02,252874.0,797,4268,5,645.7142857142857,9.285714285714286,-0.18749999999999994,5.402904178347954
Brasília,2021-01-03,253355.0,481,4269,1,650.8571428571429,8.857142857142858,-0.22499999999999998,5.403729479579846
Brasília,2021-01-04,254310.0,955,4289,20,647.6428571428571,9.5,-0.14193548387096772,5.4053634378769715
Brasília,2021-01-05,254913.0,603,4305,16,645.7857142857143,9.714285714285714,-0.13924050632911406,5.406391984093434
Brasília,2021-01-06,255875.0,962,4328,23,677.0,10.5,-0.013422818791946262,5.408027855670562
Brasília,2021-01-07,256682.0,807,4337,9,695.2142857142857,10.642857142857142,0.027586206896551623,5.4093954145430265
Brasília,2021-01-08,257355.0,673,4345,8,719.7857142857143,10.928571428571429,0.08510638297872346,5.410532610322016
Brasília,2021-01-09,258153.0,798,4351,6,730.3571428571429,10.928571428571429,0.10071942446043165,5.411877176355449
Brasília,2021-01-10,258811.0,658,4356,5,733.4285714285714,11.071428571428571,0.1481481481481482,5.41298273079797
Brasília,2021-01-11,259797.0,986,4368,12,718.6428571428571,10.357142857142858,0.058394160583941576,5.414634131760226
Brasília,2021-01-12,260797.0,1000,4375,7,738.5714285714286,9.571428571428571,-0.08219178082191786,5.416302591312416
Brasília,2021-01-13,261456.0,659,4388,13,737.2142857142857,10.0,-0.007092198581560258,5.41739861264872
Brasília,2021-01-14,262222.0,766,4399,11,751.5,10.0,0.029411764705882432,5.418669125484454
Brasília,2021-01-15,262928.0,706,4406,7,775.0714285714286,10.214285714285714,0.09160305343511436,5.419836837905448
Brasília,2021-01-16,263756.0,828,4412,6,777.2857142857143,10.285714285714286,0.10769230769230768,5.421202347878271
Brasília,2021-01-17,264227.0,471,4421,9,776.5714285714286,10.857142857142858,0.22580645161290322,5.421977193868529
Brasília,2021-01-18,265274.0,1047,4427,6,783.1428571428571,9.857142857142858,0.03759398496240607,5.423694686055192
Brasília,2021-01-19,265886.0,612,4436,9,783.7857142857143,9.357142857142858,-0.03676470588235281,5.424695470528951
Brasília,2021-01-20,266506.0,620,4442,6,759.3571428571429,8.142857142857142,-0.2244897959183674,5.425706990989453
Brasília,2021-01-21,267340.0,834,4452,10,761.2857142857143,8.214285714285714,-0.22818791946308728,5.427063943715794
Brasília,2021-01-22,268394.0,1054,4460,8,788.5,8.214285714285714,-0.24836601307189551,5.428772802867978
Brasília,2021-01-23,269350.0,956,4468,8,799.7857142857143,8.357142857142858,-0.2352941176470588,5.430316979881974
Brasília,2021-01-24,270171.0,821,4476,8,811.4285714285714,8.571428571428571,-0.22580645161290322,5.431638730267446
Brasília,2021-01-25,271319.0,1148,4490,14,823.0,8.714285714285714,-0.15862068965517254,5.433480207717464
Brasília,2021-01-26,272375.0,1056,4505,15,827.0,9.285714285714286,-0.029850746268656612,5.435167243254312
Brasília,2021-01-27,273427.0,1052,4508,3,855.0714285714286,8.571428571428571,-0.14285714285714288,5.4368413974740974
Brasília,2021-01-28,274601.0,1174,4519,11,884.2142857142857,8.571428571428571,-0.14285714285714288,5.438702114450959
Brasília,2021-01-29,275688.0,1087,4533,14,911.4285714285714,9.071428571428571,-0.11188811188811185,5.440417862778956
Brasília,2021-01-30,276572.0,884,4545,12,915.4285714285714,9.5,-0.07638888888888895,5.44180821025984
Brasília,2021-01-31,277110.0,538,4554,9,920.2142857142857,9.5,-0.12500000000000003,5.442652198342523
Brasília,2021-02-01,277907.0,797,4564,10,902.3571428571429,9.785714285714286,-0.007246376811594177,5.4438994860472025
Brasília,2021-02-02,278316.0,409,4573,9,887.8571428571429,9.785714285714286,0.04580152671755728,5.444538174037854
Brasília,2021-02-03,278972.0,656,4582,9,890.4285714285714,10.0,0.22807017543859656,5.44556061597709
Brasília,2021-02-04,279402.0,430,4591,9,861.5714285714286,9.928571428571429,0.2086956521739132,5.446229510532119
Brasília,2021-02-05,280026.0,624,4600,9,830.8571428571429,10.0,0.2173913043478262,5.447198356814742
Brasília,2021-02-06,280599.0,573,4608,8,803.5,10.0,0.19658119658119652,5.448086118954437
Brasília,2021-02-07,281002.0,403,4618,10,773.6428571428571,10.142857142857142,0.18333333333333332,5.448709410958008
Brasília,2021-02-08,281546.0,544,4631,13,730.5,10.071428571428571,0.15573770491803285,5.449549361581955
Brasília,2021-02-09,282071.0,525,4641,10,692.5714285714286,9.714285714285714,0.04615384615384598,5.450358438202932
Brasília,2021-02-10,282649.0,578,4649,8,658.7142857142857,10.071428571428571,0.17500000000000002,5.451247453283666
Brasília,2021-02-11,283194.0,545,4660,11,613.7857142857143,10.071428571428571,0.17500000000000002,5.452084047765982
Brasília,2021-02-12,283706.0,512,4671,11,572.7142857142857,9.857142857142858,0.08661417322834654,5.45286852063666
Brasília,2021-02-13,284301.0,595,4680,9,552.0714285714286,9.642857142857142,0.015037593984962353,5.453778387280024
Brasília,2021-02-14,284838.0,537,4688,8,552.0,9.571428571428571,0.007518796992481177,5.454597927694541
Brasília,2021-02-15,285576.0,738,4697,9,547.7857142857143,9.5,-0.02919708029197088,5.4557217062360195
Brasília,2021-02-16,286137.0,561,4708,11,558.6428571428571,9.642857142857142,-0.01459854014598553,5.45657401948601
Brasília,2021-02-17,286720.0,583,4718,10,553.4285714285714,9.714285714285714,-0.028571428571428647,5.457457987982031
Brasília,2021-02-18,287365.0,645,4728,10,568.7857142857143,9.785714285714286,-0.014388489208633042,5.4584338715487295
Brasília,2021-02-19,288229.0,864,4738,10,585.9285714285714,9.857142857142858,-0.014285714285714235,5.459737674973312
Brasília,2021-02-20,288977.0,748,4747,9,598.4285714285714,9.928571428571429,-0.0071428571428571175,5.460863278152458
Brasília,2021-02-21,289820.0,843,4757,10,629.8571428571429,9.928571428571429,-0.02112676056338021,5.462128352114906
Brasília,2021-02-22,290771.0,951,4766,9,658.9285714285714,9.642857142857142,-0.04255319148936173,5.463551090054911
Brasília,2021-02-23,291353.0,582,4775,9,663.0,9.571428571428571,-0.014705882352941126,5.464419494287291
Brasília,2021-02-24,292714.0,1361,4791,16,718.9285714285714,10.142857142857142,0.007092198581560258,5.466443494478013
Brasília,2021-02-25,293782.0,1068,4805,14,756.2857142857143,10.357142857142858,0.02836879432624121,5.468025183080678
Brasília,2021-02-26,294911.0,1129,4819,14,800.3571428571429,10.571428571428571,0.07246376811594195,5.469690971772571
Brasília,2021-02-27,295615.0,704,4831,12,808.1428571428571,10.785714285714286,0.11851851851851866,5.47072646711098
Brasília,2021-02-28,296694.0,1079,4838,7,846.8571428571429,10.714285714285714,0.11940298507462682,5.472308763730933
Brasília,2021-03-01,298836.0,2142,4865,27,947.1428571428571,12.0,0.2631578947368421,5.475432914627902
Brasília,2021-03-02,299399.0,563,4887,22,947.2857142857143,12.785714285714286,0.32592592592592606,5.476250345455239
Brasília,2021-03-03,300919.0,1520,4900,13,1014.2142857142857,13.0,0.3382352941176472,5.478449609922361
Brasília,2021-03-04,302185.0,1266,4918,18,1058.5714285714287,13.571428571428571,0.386861313868613,5.480272902825942
Brasília,2021-03-05,303685.0,1500,4933,15,1104.0,13.928571428571429,0.4130434782608695,5.482423341216553
Brasília,2021-03-06,305377.0,1692,4950,17,1171.4285714285713,14.5,0.46043165467625896,5.484836324307714
Brasília,2021-03-07,306251.0,874,4962,12,1173.642857142857,14.642857142857142,0.474820143884892,5.486077515474705
Brasília,2021-03-08,308539.0,2288,4979,17,1269.142857142857,15.214285714285714,0.5777777777777778,5.489310067605182
Brasília,2021-03-09,309547.0,1008,5002,23,1299.5714285714287,16.214285714285715,0.6940298507462688,5.490726599368923
Brasília,2021-03-10,311098.0,1551,5027,25,1313.142857142857,16.857142857142858,0.6619718309859156,5.492897219106917
Brasília,2021-03-11,312956.0,1858,5048,21,1369.5714285714287,17.357142857142858,0.6758620689655173,5.495483282273441
Brasília,2021-03-12,314521.0,1565,5082,34,1400.7142857142858,18.785714285714285,0.777027027027027,5.497649647808773
Brasília,2021-03-13,316181.0,1660,5097,15,1469.0,19.0,0.7615894039735098,5.499935768685756
Brasília,2021-03-14,317880.0,1699,5116,19,1513.2857142857142,19.857142857142858,0.8533333333333335,5.502263204344856
Brasília,2021-03-15,319936.0,2056,5145,29,1507.142857142857,20.0,0.6666666666666666,5.505063110736478
Brasília,2021-03-16,321365.0,1429,5176,31,1569.0,20.642857142857142,0.6145251396648044,5.506998575804511
Brasília,2021-03-17,322686.0,1321,5206,30,1554.7857142857142,21.857142857142858,0.6813186813186813,5.508780123585993
Brasília,2021-03-18,324576.0,1890,5274,68,1599.357142857143,25.428571428571427,0.8736842105263157,5.5113164038053375
Brasília,2021-03-19,326083.0,1507,5321,47,1599.857142857143,27.714285714285715,0.9897435897435898,5.513328157902425
Brasília,2021-03-20,327822.0,1739,5355,34,1603.2142857142858,28.928571428571427,0.9950738916256157,5.515638095537092
Brasília,2021-03-21,328902.0,1080,5382,27,1617.9285714285713,30.0,1.048780487804878,5.517066514365363
Brasília,2021-03-22,330756.0,1854,5441,59,1586.9285714285713,33.0,1.1690140845070423,5.519507731146029
Brasília,2021-03-23,332153.0,1397,5503,62,1614.7142857142858,35.785714285714285,1.2070484581497796,5.521338179335334
Brasília,2021-03-24,333348.0,1195,5553,50,1589.2857142857142,37.57142857142857,1.2288135593220337,5.522897853817157
Brasília,2021-03-25,335153.0,1805,5610,57,1585.5,40.142857142857146,1.3127572016460907,5.525243111176007
Brasília,2021-03-26,337294.0,2141,5674,64,1626.642857142857,42.285714285714285,1.2509505703422055,5.5280086157517045
Brasília,2021-03-27,338930.0,1636,5717,43,1624.9285714285713,44.285714285714285,1.330827067669173,5.53011001161644
Brasília,2021-03-28,340166.0,1236,5757,40,1591.857142857143,45.785714285714285,1.3057553956834531,5.531690903191011
Brasília,2021-03-29,341758.0,1592,5818,61,1558.7142857142858,48.07142857142857,1.4035714285714285,5.5337186894876735
Brasília,2021-03-30,343111.0,1353,5912,94,1553.2857142857142,52.57142857142857,1.546712802768166,5.5354346415849465
Brasília,2021-03-31,344364.0,1253,6029,117,1548.4285714285713,58.785714285714285,1.6895424836601307,5.537017743773066
Brasília,2021-04-01,345682.0,1318,6150,121,1507.5714285714287,62.57142857142857,1.4606741573033708,5.538676765992514
Brasília,2021-04-02,346873.0,1191,6207,57,1485.0,63.285714285714285,1.2835051546391751,5.540170496419276
Brasília,2021-04-03,348687.0,1814,6235,28,1490.357142857143,62.857142857142854,1.1728395061728396,5.542435755997975
Brasília,2021-04-04,349775.0,1088,6288,53,1490.9285714285713,64.71428571428571,1.157142857142857,5.5437887652625815
Brasília,2021-04-05,351163.0,1388,6366,78,1457.642857142857,66.07142857142857,1.002164502164502,5.5455087505645215
Brasília,2021-04-06,352067.0,904,6449,83,1422.4285714285713,67.57142857142857,0.8882235528942116,5.546625319618457
Brasília,2021-04-07,353206.0,1139,6532,83,1418.4285714285713,69.92857142857143,0.861216730038023,5.548028072438823
Brasília,2021-04-08,354816.0,1610,6609,77,1404.5,71.35714285714286,0.7775800711743772,5.550003195587638
Brasília,2021-04-09,356558.0,1742,6676,67,1376.0,71.57142857142857,0.6925675675675675,5.552130185046597
Brasília,2021-04-10,357761.0,1203,6709,33,1345.0714285714287,70.85714285714286,0.6000000000000001,5.553592995795498
Brasília,2021-04-11,359122.0,1361,6754,45,1354.0,71.21428571428571,0.5553822152886114,5.5552420110462615
Brasília,2021-04-12,360124.0,1002,6840,86,1311.857142857143,73.0,0.5185735512630015,5.5564520653319684
Brasília,2021-04-13,361023.0,899,6906,66,1279.4285714285713,71.0,0.3505434782608696,5.5575348707557835
Brasília,2021-04-14,362379.0,1356,6972,66,1286.7857142857142,67.35714285714286,0.14580801944106936,5.559163022204626
Brasília,2021-04-15,363344.0,965,7049,77,1261.5714285714287,64.21428571428571,0.026255707762557014,5.560317992963554
Brasília,2021-04-16,364452.0,1108,7125,76,1255.642857142857,65.57142857142857,0.03611738148984197,5.561640337845113
Brasília,2021-04-17,365646.0,1194,7172,47,1211.357142857143,66.92857142857143,0.06477272727272736,5.56306082680326
Brasília,2021-04-18,366708.0,1062,7210,38,1209.5,65.85714285714286,0.017660044150110535,5.56432038451189
Brasília,2021-04-19,367969.0,1261,7284,74,1200.4285714285713,65.57142857142857,-0.0075675675675675675,5.565811232542996
Brasília,2021-04-20,368924.0,955,7344,60,1204.0714285714287,63.92857142857143,-0.053911205073995716,5.566936908760354
Brasília,2021-04-21,369808.0,884,7388,44,1185.857142857143,61.142857142857146,-0.12563840653728292,5.567976301950993
Brasília,2021-04-22,370686.0,878,7440,52,1133.5714285714287,59.357142857142854,-0.16816816816816826,5.569006183985966
Brasília,2021-04-23,371719.0,1033,7494,54,1082.9285714285713,58.42857142857143,-0.18363273453093806,5.570214760138683
Brasília,2021-04-24,372563.0,844,7534,40,1057.2857142857142,58.92857142857143,-0.1683467741935484,5.571199722020982
Brasília,2021-04-25,373501.0,938,7569,35,1027.0714285714287,58.214285714285715,-0.18254764292878628,5.572291768919558
Brasília,2021-04-26,374588.0,1087,7628,59,1033.142857142857,56.285714285714285,-0.2289628180039139,5.573553860553211
Brasília,2021-04-27,375506.0,918,7669,41,1034.5,54.5,-0.2323943661971831,5.574616880743845
Brasília,2021-04-28,376727.0,1221,7718,49,1024.857142857143,53.285714285714285,-0.2089077412513256,5.576026747176462
Brasília,2021-04-29,377656.0,929,7761,43,1022.2857142857143,50.857142857142854,-0.2080088987764182,5.577096388930424
Brasília,2021-04-30,378783.0,1127,7798,37,1023.6428571428571,48.07142857142857,-0.266884531590414,5.578390479381218
Brasília,2021-05-01,379752.0,969,7826,28,1007.5714285714286,46.714285714285715,-0.30202774813233724,5.579500069794012
Brasília,2021-05-02,380639.0,887,7855,29,995.0714285714286,46.07142857142857,-0.3004338394793927,5.580513283733091
Brasília,2021-05-03,381468.0,829,7883,28,964.2142857142857,42.785714285714285,-0.3474945533769063,5.581458112392322
Brasília,2021-05-04,382231.0,763,7926,43,950.5,41.57142857142857,-0.3497206703910615,5.5823259066409605
Brasília,2021-05-05,383030.0,799,7978,52,944.4285714285714,42.142857142857146,-0.3107476635514019,5.5832327904809365
Brasília,2021-05-06,384031.0,1001,8026,48,953.2142857142857,41.857142857142854,-0.29482551143200963,5.5843662831840275
Brasília,2021-05-07,384851.0,820,8056,30,938.0,40.142857142857146,-0.31295843520782396,5.585292619371314
Brasília,2021-05-08,385763.0,912,8087,31,942.8571428571429,39.5,-0.3296969696969697,5.586320570465926
Brasília,2021-05-09,386688.0,925,8113,26,941.9285714285714,38.857142857142854,-0.33251533742331296,5.5873606949211485
Brasília,2021-05-10,387520.0,832,8150,37,923.7142857142857,37.285714285714285,-0.33756345177664976,5.588294121462958
Brasília,2021-05-11,388286.0,766,8184,34,912.8571428571429,36.785714285714285,-0.3250327653997379,5.589151731951256
Brasília,2021-05-12,389178.0,892,8217,33,889.3571428571429,35.642857142857146,-0.3310991957104557,5.590148281882411
Brasília,2021-05-13,390117.0,939,8251,34,890.0714285714286,35.0,-0.31179775280898875,5.591194875831726
Brasília,2021-05-14,390805.0,688,8275,24,858.7142857142857,34.07142857142857,-0.2912332838038633,5.591960111491256
Brasília,2021-05-15,391688.0,883,8298,23,852.5714285714286,33.714285714285715,-0.2782874617737003,5.5929402664326915
Brasília,2021-05-16,392582.0,894,8317,19,853.0714285714286,33.0,-0.2837209302325581,5.593930383190925
Brasília,2021-05-17,393631.0,1049,8345,28,868.7857142857143,33.0,-0.22871452420701166,5.595089293516387
Brasília,2021-05-18,394223.0,592,8366,21,856.5714285714286,31.428571428571427,-0.24398625429553264,5.595741958557561
Brasília,2021-05-19,395213.0,990,8399,33,870.2142857142857,30.071428571428573,-0.28644067796610173,5.596831221683322
Brasília,2021-05-20,396087.0,874,8422,23,861.1428571428571,28.285714285714285,-0.3242320819112628,5.597790588627684
Brasília,2021-05-21,396985.0,898,8442,20,866.7142857142857,27.571428571428573,-0.31316725978647686,5.598774097341704
Brasília,2021-05-22,397715.0,730,8450,8,853.7142857142857,25.928571428571427,-0.3435804701627487,5.599571970906473
Brasília,2021-05-23,398450.0,735,8466,16,840.1428571428571,25.214285714285715,-0.3511029411764705,5.600373831161271
Brasília,2021-05-24,399349.0,899,8483,17,844.9285714285714,23.785714285714285,-0.3620689655172414,5.601352601263731
Brasília,2021-05-25,400188.0,839,8514,31,850.1428571428571,23.571428571428573,-0.35922330097087374,5.602264061781656
Brasília,2021-05-26,400977.0,789,8537,23,842.7857142857143,22.857142857142858,-0.3587174348697395,5.603119462247225
Brasília,2021-05-27,402182.0,1205,8569,32,861.7857142857143,22.714285714285715,-0.3510204081632653,5.604422629474033
Brasília,2021-05-28,403175.0,993,8600,31,883.5714285714286,23.214285714285715,-0.3186582809224318,5.605493594621345
Brasília,2021-05-29,404190.0,1015,8621,21,893.0,23.071428571428573,-0.3156779661016949,5.60658556450204
Brasília,2021-05-30,405001.0,811,8642,21,887.0714285714286,23.214285714285715,-0.2965367965367965,5.607456095545399
Brasília,2021-05-31,405903.0,902,8670,28,876.5714285714286,23.214285714285715,-0.2965367965367965,5.608422261168556
Brasília,2021-06-01,406739.0,836,8692,22,894.0,23.285714285714285,-0.2590909090909091,5.609315816547067
Brasília,2021-06-02,407540.0,801,8720,28,880.5,22.928571428571427,-0.23752969121140152,5.610170241117049
Brasília,2021-06-03,408027.0,487,8740,20,852.8571428571429,22.714285714285715,-0.1969696969696969,5.610688902214972
Brasília,2021-06-04,409147.0,1120,8766,26,868.7142857142857,23.142857142857142,-0.16062176165803116,5.611879371134204
Brasília,2021-06-05,410059.0,912,8790,24,881.7142857142857,24.285714285714285,-0.06336088154269971,5.612846348258701
Brasília,2021-06-06,411087.0,1028,8800,10,902.6428571428571,23.857142857142858,-0.053824362606232315,5.613933743096248
Brasília,2021-06-07,411964.0,877,8826,26,901.0714285714286,24.5,0.030030030030030075,5.614859266313587
Brasília,2021-06-08,412708.0,744,8844,18,894.2857142857143,23.571428571428573,0.0,5.615642887394938
Brasília,2021-06-09,413422.0,714,8868,24,888.9285714285714,23.642857142857142,0.034374999999999954,5.616393583622618
Brasília,2021-06-10,414053.0,631,8898,30,847.9285714285714,23.5,0.03459119496855341,5.617055935648236
Brasília,2021-06-11,414875.0,822,8923,25,835.7142857142857,23.071428571428573,-0.006153846153846131,5.6179172654166605
Brasília,2021-06-12,416129.0,1254,8937,14,852.7857142857143,22.571428571428573,-0.021671826625386994,5.619227982798736
Brasília,2021-06-13,417279.0,1150,8955,18,877.0,22.357142857142858,-0.03692307692307694,5.6204265289398245
Brasília,2021-06-14,418089.0,810,8976,21,870.4285714285714,21.857142857142858,-0.05846153846153848,5.621268741331459
Brasília,2021-06-15,418659.0,570,8994,18,851.4285714285714,21.571428571428573,-0.07361963190184038,5.621860431763885
Brasília,2021-06-16,419548.0,889,9016,22,857.7142857142857,21.142857142857142,-0.07788161993769467,5.622781655135148
Brasília,2021-06-17,420348.0,800,9037,21,880.0714285714286,21.214285714285715,-0.0660377358490566,5.62360898540126
Brasília,2021-06-18,421119.0,771,9051,14,855.1428571428571,20.357142857142858,-0.12037037037037034,5.624404836312229
Brasília,2021-06-19,422133.0,1014,9071,20,862.4285714285714,20.071428571428573,-0.1735294117647058,5.62544930419824
Brasília,2021-06-20,423038.0,905,9094,23,853.6428571428571,21.0,-0.11976047904191618,5.626379380257025
Brasília,2021-06-21,423833.0,795,9113,19,847.7857142857143,20.5,-0.16326530612244897,5.62719476823119
Brasília,2021-06-22,424523.0,690,9129,16,843.9285714285714,20.357142857142858,-0.1363636363636364,5.627901224621175
Brasília,2021-06-23,425125.0,602,9146,17,835.9285714285714,19.857142857142858,-0.16012084592145012,5.628516644940778
Brasília,2021-06-24,425790.0,665,9158,12,838.3571428571429,18.571428571428573,-0.2097264437689969,5.62919545748789
Brasília,2021-06-25,426646.0,856,9172,14,840.7857142857143,17.785714285714285,-0.22910216718266263,5.630067678279754
Brasília,2021-06-26,427432.0,786,9184,12,807.3571428571429,17.642857142857142,-0.21835443037974692,5.630867032809772
Brasília,2021-06-27,428352.0,920,9193,9,790.9285714285714,17.0,-0.23961661341853036,5.6318007989873875
Brasília,2021-06-28,429018.0,666,9206,13,780.6428571428571,16.428571428571427,-0.24836601307189551,5.632475513948546
